user_id,last_trx_date,churn_proba,churn_label
3057937196,2019-02-20,0.7621774001158927,1
3725777565,2019-02-28,0.0826047740630681,0
3850602392,2019-02-26,0.40428936672387394,0
4218672051,2019-02-28,0.07241797188360222,0
4300836811,2019-01-17,0.18740631835270727,0
4303451978,2019-02-27,0.0823723226436478,0
4438399318,2019-02-26,0.10196332322410773,0
4481196294,2019-02-25,0.21849572409186235,0
4552089243,2019-02-28,0.751179553759802,1
4608343060,2019-01-19,0.32077644917610326,0
4612140804,2019-02-28,0.37534066813564804,0
4614064184,2019-02-27,0.24271129367447375,0
4648137911,2019-02-28,0.32570563956404475,0
4667927805,2019-02-28,0.13256846462457517,0
4806039020,2019-02-25,0.3096937668230748,0
4806120830,2019-02-23,0.6644864935054158,1
4807027914,2019-02-27,0.7273443140506041,1
4812556713,2019-02-25,0.13872956674642678,0
4838486791,2019-02-07,0.24155862856308574,0
4844660806,2019-02-28,0.10727711760833625,0
4927871400,2019-02-28,0.40768200886440287,0
4937536957,2019-02-28,0.15324897805320348,0
4947991553,2019-02-28,0.13669004920003158,0
4991057720,2019-02-28,0.3784636048686746,0
5014283812,2019-02-18,0.17188692351564883,0
5091895469,2019-02-21,0.5622258208201554,1
5192430055,2019-01-12,0.5820343082186981,1
5194969205,2019-02-27,0.14437259974574368,0
5198542774,2019-02-26,0.4554747663148666,0
5200965852,2019-02-23,0.12454523393576877,0
5265993173,2019-02-25,0.12585592262588974,0
5296581798,2019-02-28,0.37364553884709106,0
5300447344,2019-02-28,0.4042388408853739,0
5378072493,2019-02-28,0.25600922229753686,0
5405127525,2019-02-28,0.20943604455770737,0
5458258753,2019-02-10,0.19301710401183247,0
5529699708,2019-02-28,0.4144899454968154,0
5592314203,2019-02-28,0.26590352522831673,0
5634543949,2019-01-25,0.4836828178689606,0
5656570055,2019-01-22,0.23921347677449678,0
5657245808,2019-02-20,0.7298498198893282,1
5734611472,2019-02-28,0.11369879970741359,0
5791928496,2019-02-14,0.23026499500371334,0
5795430625,2019-02-26,0.22504568777201606,0
5820041723,2019-02-28,0.13118372106338694,0
5839048524,2019-02-15,0.40268631131228483,0
5862035012,2019-02-27,0.1636770959087991,0
5864415601,2019-02-15,0.22440305853851272,0
5930207561,2019-02-28,0.9971324380766854,1
5956875700,2019-02-24,0.28310096511046356,0
5970519925,2019-02-27,0.28798283908991806,0
5983371743,2018-12-24,0.23076719678594237,0
3083437192,2019-02-13,0.3629683178802017,0
3331339889,2019-02-25,0.15219926992247057,0
3351777694,2019-02-28,0.06635177616555044,0
3624339899,2019-02-27,0.3417140433094177,0
3710802333,2019-02-28,0.07838550701204683,0
3871504444,2019-02-20,0.9748623845020865,1
4018901546,2019-02-23,0.13720151494647714,0
4037569651,2019-02-19,0.2007143724829561,0
4183479776,2019-01-21,0.7191086462297451,1
4185785974,2019-02-28,0.07726827894458443,0
4261634750,2019-02-27,0.2885926152463928,0
4369370202,2019-02-03,0.4247632217285945,0
4390936033,2019-02-28,0.32045343635673185,0
4395674420,2019-02-11,0.44724462895699213,0
4410244166,2019-02-28,0.12153873022747241,0
4437959911,2019-02-18,0.9611855780961196,1
4440194433,2019-02-27,0.7313694049156501,1
4500181946,2019-02-28,0.2096117188750376,0
4532340630,2019-02-28,0.1513728393987266,0
4683548288,2019-02-28,0.04511522250909106,0
4710431161,2019-02-27,0.35830343344576654,0
4714834319,2019-02-28,0.7237798348373563,1
4739378878,2019-02-26,0.14366574410374766,0
4830397642,2019-02-25,0.10514100765821843,0
4860715702,2019-02-27,0.2190936444702123,0
4883794609,2019-02-24,0.18167693784305972,0
4890827000,2019-02-28,0.1943308869166055,0
4891491044,2019-02-28,0.1605875882417087,0
4982771835,2019-02-28,0.14353091443478427,0
4994306195,2019-02-28,0.10505953042307548,0
5015470390,2019-02-28,0.1604339131473148,0
5087079723,2019-02-28,0.15077287973618858,0
5122703075,2019-02-08,0.5604185198470122,1
5144724326,2019-02-28,0.15316830899363243,0
5154537446,2019-02-23,0.15132784489172857,0
5162417176,2019-01-31,0.21289543661648402,0
5177904063,2019-02-28,0.12884856867654637,0
5198407422,2019-02-28,0.43863644200217267,0
5229991463,2019-02-25,0.21559247780257307,0
5251836396,2019-02-25,0.14465456915424946,0
5254478360,2019-02-26,0.3440305467239754,0
5271743210,2019-02-27,0.20940587214817186,0
5284440779,2019-02-28,0.24310096453477759,0
5299409091,2019-02-28,0.026734828650179843,0
5299813005,2019-02-28,0.8431290742475128,1
5314976779,2019-02-28,0.1675056791105055,0
5334292550,2019-02-28,0.08372329700674452,0
5336700161,2019-02-27,0.2295361054480708,0
5337792772,2019-01-06,0.64829587511534,1
5339004381,2019-02-27,0.3101749687888342,0
5355733939,2019-02-28,0.16125730353482048,0
5390904541,2019-02-25,0.15082808839479844,0
5409620871,2019-02-22,0.49624980016234843,0
5458988263,2019-02-11,0.28945316673617605,0
5469365480,2019-02-28,0.3528808175284902,0
5498724416,2019-02-04,0.055954033778143564,0
5533330873,2019-02-28,0.23517503592370925,0
5582881605,2019-02-23,0.09580274739683581,0
5605303994,2019-02-15,0.1997760573185824,0
5697670114,2019-02-22,0.21890529397578085,0
5771584023,2019-02-28,0.09499982987732225,0
5804659670,2019-02-28,0.19905717576003867,0
5810839084,2019-02-26,0.3072940749220817,0
5817782860,2019-02-27,0.17742189734510283,0
5835489350,2019-02-28,0.14242904658875366,0
5851116850,2019-02-26,0.21441805313782514,0
5852283045,2019-02-25,0.8297300327774833,1
5877825819,2019-02-27,0.1900910288731784,0
5956215881,2019-02-28,0.102352031255586,0
5956718838,2019-02-28,0.15344423843231592,0
5957179355,2019-02-28,0.18983024508105906,0
5968288772,2019-02-26,0.24069471226381556,0
5969128497,2019-02-28,0.18746128643834603,0
5970057890,2019-02-28,0.2501643624655391,0
5978772704,2019-02-24,0.5301984533969213,1
5978961324,2019-01-31,0.2105640221717764,0
5979704223,2019-02-28,0.4179066532135983,0
5980129369,2019-02-28,0.16920961001815316,0
5981937451,2019-02-27,0.1413474272532267,0
5982965721,2019-02-26,0.1356080215406068,0
5983867693,2019-02-27,0.29010090017059453,0
5988463674,2019-02-28,0.40855774961033975,0
2762014923,2019-02-28,0.09598026560892392,0
2826429982,2019-02-27,0.07766423166165193,0
3056545273,2019-01-23,0.642507152110446,1
3067452595,2019-02-28,0.24031570418728276,0
3419626621,2019-01-14,0.49414460098865653,0
3803696773,2019-02-28,0.28970736770027705,0
3837651115,2019-02-28,0.9910007286118779,1
3878916787,2019-02-26,0.6010335929208027,1
4093790002,2019-02-07,0.6953138423289149,1
4109119915,2019-01-18,0.1753140580640885,0
4168366440,2019-02-07,0.39223901245366055,0
4192127923,2019-02-28,0.9999999670797026,1
4266598440,2019-02-26,0.2560819743346583,0
4357874565,2019-02-28,0.9978935310097432,1
4428036692,2018-12-03,1.0,1
4455845405,2019-02-27,0.15073603450341855,0
4576677860,2019-02-28,0.9336777635329044,1
4585260138,2019-02-28,0.714157436706685,1
4609585346,2019-02-16,0.40758937384799065,0
4636705205,2019-02-28,0.08249564640770546,0
4643202340,2019-02-26,0.14955231435604122,0
4655645315,2019-02-28,0.24927390207940947,0
4740322314,2019-02-28,0.2889536392551958,0
4753062553,2019-02-28,0.1025579620728918,0
4778821173,2019-02-28,0.11560151058711177,0
4797768798,2019-02-26,0.1734475364359055,0
4811228611,2019-02-10,0.2780647173637866,0
4942257988,2019-02-17,0.43944371275777483,0
4978585402,2019-02-24,0.08571866548797391,0
4999945814,2019-01-10,0.6763312192608194,1
5025756141,2019-02-24,0.33930415510945655,0
5036401887,2019-02-27,0.15658609862808548,0
5096643485,2019-02-28,0.09211073948657456,0
5169777259,2019-02-02,0.8133265652398385,1
5210480273,2019-02-28,0.1354688454787497,0
5214414274,2019-02-28,0.0685059627609157,0
5243611466,2019-02-04,0.41752060657619083,0
5250198033,2019-02-28,0.4103335067598356,0
5289094898,2019-02-20,0.18627323948808638,0
5348850489,2019-02-28,0.09862769942687721,0
5417369393,2019-02-25,0.22714763183061748,0
5437639193,2019-02-28,0.23209757572495215,0
5444572793,2019-02-11,0.21305413722962796,0
5456103893,2019-02-28,0.3586771932714645,0
5476815079,2019-02-28,0.1612573753165064,0
5476913560,2019-02-22,0.19224185314233644,0
5477014574,2019-02-28,0.328306499491989,0
5550064935,2019-02-12,0.20862953990084476,0
5623538178,2019-01-01,0.42559889955447705,0
5690947893,2019-02-28,0.3004709024579595,0
5752388127,2019-02-13,0.5628361847814257,1
5786260062,2019-02-28,0.08135239384980308,0
5812045418,2019-02-28,0.19577544020312332,0
5822747579,2019-02-28,0.2256290503272167,0
5823390004,2019-02-28,0.24697617853759402,0
5838245070,2019-02-27,0.3491270785255235,0
5848181083,2019-02-17,0.48325092343339204,0
5906346180,2019-02-27,0.3379428090843345,0
5917922405,2019-02-28,0.22797004558954848,0
5961475087,2019-02-28,0.14049168154639047,0
5963991497,2019-02-28,0.05593045016790876,0
5964880936,2019-02-28,0.08854892981950058,0
5974655182,2019-02-28,0.17035220589744116,0
5976186743,2019-01-27,0.4525072292776968,0
5978521520,2019-01-07,0.0642602028185747,0
5982020565,2019-01-30,0.10392294827247994,0
5990367063,2019-02-28,0.16919265722853605,0
5991716116,2018-12-22,0.3315691364799672,0
5991964773,2019-01-05,0.4542249872750689,0
5992446074,2019-02-20,0.06227669385881973,0
2690923546,2019-02-09,0.6877821721285684,1
3369951831,2019-02-28,0.07218029850471219,0
3693094437,2019-02-28,0.40822066983625527,0
3909844119,2019-02-27,0.10693122158213775,0
3972457380,2019-02-02,0.9999893749256918,1
4024614090,2019-02-25,0.1611895796945092,0
4028282646,2019-02-18,0.13919184181480293,0
4028416984,2019-02-19,0.46720734901141603,0
4058026203,2019-02-28,0.07012734682374366,0
4067716513,2019-02-28,0.3986299004972823,0
4072787634,2019-02-28,0.4302369571522927,0
4082518820,2019-02-16,0.22546614432034828,0
4082529938,2019-02-28,0.9999999939325134,1
4099642710,2019-02-25,0.11642676534672836,0
4130376611,2019-02-28,0.22030945463973983,0
4131458378,2019-02-22,0.6227625159944103,1
4256514632,2019-02-28,0.6048058537204677,1
4396965761,2019-02-23,0.17500117347998811,0
4493371982,2019-02-27,0.6907305450483745,1
4527281951,2019-02-28,0.17608586134697157,0
4580908875,2019-02-28,0.1036023830572732,0
4742337853,2019-01-21,0.6472705846094338,1
4808092333,2019-02-28,0.6649455727605345,1
4843143775,2019-02-15,0.4181637772023663,0
5039110049,2019-02-28,0.09586350594224935,0
5077793578,2019-02-23,0.21832196921063385,0
5132559730,2019-02-22,0.09091015464433316,0
5161744978,2019-02-24,0.2147627514348729,0
5179092944,2019-02-26,0.1095751998098049,0
5188997331,2019-02-28,0.1661038170349085,0
5194029743,2019-02-28,0.284916693073636,0
5219456433,2019-02-22,0.11741963894344842,0
5251281172,2019-02-05,0.7581570569050308,1
5254676470,2019-01-21,0.4617540056806414,0
5285708850,2019-02-24,0.6949547310727339,1
5306433789,2019-01-18,0.18047826992957394,0
5313030948,2019-02-19,0.05945314102541566,0
5330331655,2019-01-19,0.06665392372090118,0
5334899209,2019-02-10,0.06102166963818012,0
5348258564,2019-02-24,0.1894943560590754,0
5357168513,2019-02-28,0.16420363524334725,0
5402906114,2019-02-28,0.20098394629556815,0
5424356577,2019-02-20,0.4038899573898883,0
5454694403,2019-02-27,0.15490647776302424,0
5525730991,2019-02-28,0.24258453709726424,0
5541442410,2019-02-28,0.7420682815302679,1
5654608790,2019-02-28,0.08800514701111906,0
5694155711,2019-02-28,0.501215424871343,1
5747267695,2019-02-03,0.2833381421096174,0
5763892745,2019-01-10,0.41728271543540785,0
5860214730,2019-02-26,0.9334893884022734,1
5877523625,2019-02-26,0.23112419970609355,0
5956072031,2019-02-25,0.16336867228956564,0
5959659075,2019-02-25,0.1505675214254314,0
5962647313,2019-02-16,0.6194772137567912,1
5965207345,2019-02-28,0.24494725301722575,0
5970849972,2019-02-26,0.40616325038496937,0
5970862115,2019-02-27,0.8046888997000735,1
5973096791,2019-02-27,0.2122982049884362,0
5975967958,2019-02-23,0.13696432736190722,0
5976739604,2019-02-28,0.16115502709429197,0
5976985795,2019-02-28,0.11414644719386124,0
5977714644,2019-02-28,0.1415230430827552,0
5983186138,2019-02-28,0.3369067511468299,0
5986776363,2019-02-26,0.12103076919426226,0
5991381840,2019-02-26,0.10469809605247649,0
5992658187,2019-02-28,0.06764298453278572,0
5998574074,2019-02-21,0.18687252072169702,0
6000460969,2019-02-28,0.16127519091489628,0
2977207754,2019-02-27,0.11348211682949139,0
3005119793,2019-02-28,0.4996360435639442,0
3037884724,2019-02-26,0.20935139880885223,0
3070497233,2019-02-23,0.15871537131477187,0
3159642480,2019-02-19,0.0934660757742336,0
3333625407,2019-02-27,0.14330307446968438,0
3356398090,2019-02-08,0.14234549980830302,0
3363453335,2018-12-07,0.15475587966027216,0
3370150821,2019-02-28,0.09039727042643042,0
3413318951,2019-01-29,0.17960076108527334,0
3435054954,2019-02-22,0.07509683339130757,0
3455687387,2019-02-20,0.16800314446981013,0
3478960511,2018-12-21,0.20305336756247916,0
3546724304,2018-12-28,0.9983450994282225,1
3554982134,2019-02-28,0.13562771176698996,0
3589831719,2018-08-27,0.17960076108527334,0
3626236545,2019-02-28,0.1959961341957236,0
3726819772,2018-11-25,0.17901535978841687,0
3783495566,2018-11-17,0.13609278045485973,0
3840361715,2019-02-27,0.15563644751567862,0
3841419695,2019-02-24,0.7346914165134462,1
3844789348,2019-02-28,0.13851236580771997,0
3865521826,2019-02-27,0.2518741355103137,0
3889356866,2018-11-11,0.07241370507844469,0
3893785933,2019-02-15,0.1366099943843827,0
3900196950,2019-01-04,0.2757089614453151,0
3912061655,2018-11-19,0.2958885500389371,0
3921446553,2019-01-30,0.15668157433560392,0
3950834406,2018-12-29,0.22924286106431024,0
3979847269,2018-11-11,0.14239106464744422,0
3989668023,2019-02-27,0.2079974091815182,0
3998708480,2018-11-18,0.14382383140381716,0
4000364601,2018-12-12,0.13800259026522443,0
4013068062,2019-02-05,0.12485232296178717,0
4034876363,2019-02-28,0.17483841060026728,0
4035861984,2019-01-27,0.11164604254469412,0
4035885225,2019-02-28,0.10119522813967574,0
4037513092,2018-12-19,0.23058048044292345,0
4040842194,2018-11-10,0.12863891363479063,0
4042586957,2019-02-07,0.25201668546891176,0
4048091507,2019-01-26,0.25870463070168737,0
4053327042,2019-02-14,0.1412032156604126,0
4067614488,2019-02-23,0.866666946515946,1
4070741845,2018-12-21,0.2400342415150558,0
4070760033,2019-02-25,0.23032817322224852,0
4079925798,2018-12-21,0.20566834670660572,0
4107293534,2019-02-28,0.11071936854954123,0
4124924284,2019-02-28,0.16169679435808682,0
4316603922,2019-02-28,0.1046532193098394,0
4329785477,2019-02-28,0.24788229304098364,0
4353113356,2019-02-24,0.14413300151816077,0
4381214980,2018-12-26,0.2941524305361751,0
4438990229,2019-02-28,0.10833568634086288,0
4456548435,2019-02-28,0.18760192930375752,0
4476343502,2019-01-28,0.07976166747792668,0
4548749360,2019-02-28,0.23111193626697601,0
4572150945,2019-02-28,0.14128618970499152,0
4581190693,2019-02-27,0.1834608579929301,0
4631769695,2019-02-28,0.16997436777776798,0
4636784994,2019-02-22,0.1521167780704913,0
4647468229,2018-12-20,0.9789904358176467,1
4707595539,2019-02-22,0.12603189048449148,0
4721380623,2019-01-10,0.6919119096810806,1
4727678993,2019-01-24,0.7882811571493972,1
4743067403,2019-02-28,0.2870486526840994,0
4748339730,2019-01-10,0.9999999994936092,1
4756779155,2019-02-06,0.12938335715076454,0
4762015427,2019-02-27,0.25210006416259945,0
4794347815,2019-01-16,0.16008871599871666,0
4842254063,2019-02-27,0.7282500894547621,1
4885736874,2019-02-26,0.26962033822737375,0
4910266215,2019-01-13,0.17112325162756514,0
4923845403,2019-02-28,0.1259902013549914,0
4945136422,2019-02-28,0.24222751112663166,0
4961169071,2019-02-01,0.9731244506375555,1
4968579846,2019-02-28,0.13499124691032716,0
5038064213,2018-12-18,0.3425480397831008,0
5067883360,2019-02-28,0.4807749688599593,0
5186778541,2019-02-26,0.283170088666177,0
5210222699,2019-02-28,0.11422553991386497,0
5231408946,2019-01-12,0.3351079819822923,0
5232197830,2019-02-27,0.10609877288239677,0
5234245991,2019-02-21,0.17581802960687298,0
5374113747,2019-02-25,0.2561909867337513,0
5459654923,2019-01-28,0.3801890805386853,0
5483197689,2019-02-26,0.26622469975151863,0
5494281858,2019-02-13,0.3162718803281177,0
5567514928,2019-02-12,0.24323723334536862,0
5592814206,2019-02-25,0.11138793835513039,0
5595782164,2019-02-28,0.2733547672708624,0
5618441696,2019-02-23,0.11500024568301659,0
5650791597,2019-02-27,0.21631847633040635,0
5701142767,2019-02-26,0.4556741894014379,0
5801986043,2019-01-12,0.2885282342041978,0
5816252351,2019-02-28,0.11594020965246632,0
5824833357,2019-02-28,0.13643170505331548,0
5832246538,2019-02-28,0.08109115297112368,0
5850773153,2018-11-12,0.8582030567602431,1
5854152877,2019-01-18,0.3595477839989475,0
5858391768,2019-02-20,0.18380021142554548,0
5875818035,2019-02-26,0.08399269163346801,0
5889953203,2019-02-26,0.14926618339783115,0
5907402834,2019-02-27,0.12415518285736238,0
5952368114,2019-02-28,0.34629879981654743,0
5968756004,2019-02-28,0.9983133833774276,1
5977298744,2019-02-28,0.13866317179307097,0
5986681861,2019-02-28,0.149866297938965,0
5987726222,2019-02-24,0.22415744460302323,0
2872739820,2018-12-29,0.16476996324443238,0
2973600252,2018-04-25,0.17960076108527334,0
3045982388,2019-02-24,0.326709859641122,0
3047727965,2019-02-28,0.24208984932963062,0
3056868501,2019-02-26,0.1838863490769439,0
3080262032,2019-01-23,0.20210336859807376,0
3188662354,2019-02-25,0.05054549202001091,0
3297724851,2019-02-25,0.14370589595690686,0
3334915622,2018-12-26,0.15991689909512197,0
3343845992,2018-11-19,0.27765096606251805,0
3361552034,2019-02-20,0.274957977868844,0
3363183638,2019-01-17,0.15830529766540002,0
3371826679,2019-02-17,0.31301479962954537,0
3387783931,2019-02-06,0.1850189125302527,0
3390712261,2019-02-22,0.23842955704586422,0
3394198555,2018-12-15,0.15991689909512197,0
3399726450,2018-11-03,0.13609278045485973,0
3432237255,2019-02-18,0.32019638762273916,0
3432618063,2018-12-25,0.13177425868557846,0
3432904922,2019-02-28,0.17005130939468605,0
3442243840,2019-02-28,0.2949875370459548,0
3443143835,2019-02-18,0.11512129631715562,0
3444043839,2018-10-25,0.17960076108527334,0
3458643425,2018-12-08,0.3012988890666315,0
3478895860,2019-01-22,0.2256357757742059,0
3507358645,2019-01-29,0.1755665071190432,0
3527948721,2018-11-02,0.16111398136511224,0
3538529795,2018-11-10,0.15195426152879155,0
3541568451,2018-11-10,0.009913315257461086,0
3545002564,2019-01-11,0.24261996143336495,0
3548436966,2019-02-09,0.2543805212146778,0
3548502621,2019-02-26,0.17960076108527334,0
3550028331,2019-02-18,0.04065306256913148,0
3585702862,2019-01-24,0.23572369768390145,0
3587014260,2019-02-26,0.1834811297607698,0
3614160371,2018-12-15,0.15991689909512197,0
3642138221,2019-02-10,0.1788994173293058,0
3715078645,2019-02-12,0.2624840770253539,0
3716160905,2018-11-11,0.020703131563848398,0
3718568934,2019-02-20,0.20077822239877074,0
3718577028,2019-01-28,0.1485316136092193,0
3720274234,2019-02-21,0.27488216175027114,0
3723000823,2018-11-11,0.08961337288907956,0
3725713925,2018-11-11,0.12863891363479063,0
3731718505,2018-12-29,0.1651053556501476,0
3733045135,2019-01-05,0.17722772082119864,0
3738735518,2018-12-30,0.15182011480341828,0
3744598640,2019-01-29,0.19849464787024584,0
3756286922,2019-02-19,0.2024259978866073,0
3758197657,2018-11-14,0.2659918278768377,0
3783356171,2018-11-23,0.09908196083737975,0
3786637044,2019-02-22,0.21141333589321554,0
3792828483,2019-01-14,0.21212341394150191,0
3794389339,2019-02-23,0.20626130550465338,0
3794405497,2019-02-13,0.18540217708571305,0
3803745268,2019-02-10,0.18701754347430566,0
3803798792,2019-02-02,0.2377609752939408,0
3806515709,2018-12-25,0.12121290175218036,0
3807893693,2019-02-28,0.17656774556838017,0
3807920960,2019-01-27,0.16764580057597966,0
3810650432,2018-11-11,0.13115287648126417,0
3815742396,2018-12-25,0.2625435593107225,0
3816821423,2019-02-21,0.2067556387195778,0
3816857781,2019-02-03,0.18543060620179985,0
3820909478,2019-02-24,0.12438834169319923,0
3822583272,2018-12-24,0.0922168639799904,0
3822663073,2018-12-29,0.084509688764,0
3825473411,2019-01-27,0.06745189423965514,0
3825480484,2018-11-23,0.050058749465589414,0
3825559272,2018-11-11,0.030970249228663538,0
3828601206,2018-12-15,0.08284694315683028,0
3832601720,2018-12-02,0.11283010350306366,0
3832605760,2018-11-16,0.21490704522093318,0
3836019235,2019-02-27,0.14056878859109956,0
3836028327,2018-11-14,0.23574346935331503,0
3837650105,2019-01-07,0.1977050267774555,0
3840413230,2018-12-21,0.1725289849282703,0
3841260109,2019-02-16,0.2561775885737678,0
3841405553,2018-11-24,0.08754152247361302,0
3858489670,2018-12-25,0.17166115265416415,0
3861220709,2019-02-10,0.12816271661873735,0
3863774301,2019-02-20,0.16048800747955205,0
3865511720,2019-02-14,0.18623269162557454,0
3867511700,2018-12-12,0.21587999511407507,0
3870332792,2018-11-17,0.13349157977821557,0
3871636763,2019-02-28,0.22998541800520678,0
3874663164,2019-02-05,0.19901917192452456,0
3882496640,2018-12-12,0.1564075783230262,0
3898982405,2019-02-18,0.2189576649068884,0
3906346203,2018-10-05,0.17625623170342442,0
3913791162,2018-12-13,0.1865435242048714,0
3919897804,2018-12-13,0.201109683867696,0
3921413223,2019-02-23,0.20824358274244104,0
3923986545,2019-01-05,0.24309069548062046,0
3924054225,2018-11-30,0.18720386124922672,0
3926255842,2018-11-19,0.1560470576242704,0
3947660748,2018-12-20,0.2492052428755991,0
3947828449,2019-02-10,0.1432961769300234,0
3959285144,2019-02-27,0.2797149893804959,0
3963509230,2019-02-22,0.1318615071006619,0
3970103250,2018-12-11,0.21169222012188316,0
3987224715,2019-02-22,0.2639050363555001,0
3989335693,2018-11-21,0.22793752790315247,0
3993163565,2019-02-24,0.22270945532008446,0
3994662698,2018-11-16,0.25265562567945343,0
3994769762,2019-02-12,0.1852721262630802,0
3996166143,2019-01-16,0.18405061066678374,0
3998736771,2019-02-28,0.23817589619359247,0
4000436326,2018-12-14,0.21852518071705973,0
4000481784,2018-11-27,0.19913239785381698,0
4013015536,2019-02-28,0.3703701943688461,0
4013803410,2019-02-01,0.2668268861971572,0
4015482158,2018-11-25,0.21015000649183746,0
4018669226,2018-07-21,0.17960076108527334,0
4019746661,2019-01-26,0.15991689909512197,0
4021053399,2018-12-13,0.19995469395653742,0
4021216022,2018-12-23,0.26254785865686336,0
4022633077,2019-01-23,0.21001369028834505,0
4022708832,2018-12-26,0.2649149696896168,0
4023882775,2019-02-24,0.23414413536306322,0
4030872945,2019-02-22,0.3185713550231968,0
4034779392,2018-12-23,0.22462699273426578,0
4034932922,2018-12-13,0.15145843961619998,0
4035825621,2018-10-24,0.17625623170342442,0
4035961994,2018-11-24,0.1298365705333583,0
4036082201,2019-01-08,0.16030535026265968,0
4037351476,2018-11-14,0.1412032156604126,0
4040602798,2019-02-26,0.18411035688849875,0
4042804149,2019-02-09,0.19577729187836934,0
4043716290,2018-09-05,0.17960076108527334,0
4047937967,2018-12-15,0.13409661396831962,0
4049115086,2018-12-29,0.2396487914138269,0
4050378258,2018-12-19,0.20229393415110408,0
4051360382,2019-02-26,0.1941653448845747,0
4054917273,2019-02-26,0.26775745249629235,0
4056399170,2019-02-28,0.15002060925583238,0
4056446641,2019-02-25,0.33135964981827803,0
4058126202,2019-02-27,0.19574532659447197,0
4058207015,2018-12-06,0.16509893186767188,0
4059242411,2019-02-11,0.17933552518021556,0
4059410096,2018-12-07,0.07329287605451718,0
4061091797,2018-11-29,0.2434498118373536,0
4065602256,2019-02-13,0.18259587936047394,0
4065723470,2019-01-05,0.12193202849082141,0
4067642777,2019-01-02,0.13655366812627223,0
4068721815,2019-02-17,0.15339503314425507,0
4070579220,2019-02-25,0.2186256728677729,0
4072634103,2018-12-31,0.18343090173880772,0
4074539208,2018-11-10,0.29660265020943555,0
4078267981,2018-12-14,0.23092111413805072,0
4081050192,2019-02-27,0.3057131072838899,0
4083956575,2019-02-18,0.21630168250475013,0
4126488520,2019-02-25,0.07623861801452103,0
4127223931,2019-02-12,0.1406843662102919,0
4167490243,2019-02-25,0.5902832349957858,1
4303085319,2019-02-28,0.08380472141631234,0
4313251706,2019-02-28,0.07776928998318944,0
4314965479,2019-01-08,0.2974442269217895,0
4352985071,2019-02-28,0.21027771655873795,0
4361023175,2019-02-26,0.14565072925128753,0
4379763355,2019-01-21,0.19161105878073337,0
4410278501,2019-02-25,0.15986932434495815,0
4541467683,2019-02-14,0.13821175204702718,0
4543371706,2019-02-27,0.8310074004753167,1
4678327876,2019-02-22,0.3087472754323858,0
4759277593,2019-01-20,0.3704908899930507,0
4785682451,2019-01-05,0.05963931269953182,0
4878214512,2019-01-06,0.6191620823116175,1
4983613257,2019-02-25,0.42536074763997456,0
5000436251,2019-02-26,1.0,1
5018840075,2019-02-28,0.09510351309030474,0
5067392510,2019-02-24,0.10411168926145498,0
5067791449,2019-02-25,0.3128051841817985,0
5191969448,2019-02-27,0.4072027722471925,0
5218988757,2019-02-24,0.0683515427468463,0
5337920054,2019-02-15,0.2027974798615435,0
5350108152,2019-02-28,0.1024766827093333,0
5463207641,2019-02-28,0.18266266325193414,0
5672681072,2019-02-27,0.12176511575055404,0
5696424215,2019-02-28,0.1312034830601071,0
5696600976,2019-02-28,0.40579731100601735,0
5715627557,2019-02-24,0.25400985137042764,0
5777987095,2019-02-27,0.32780704933498583,0
5785091612,2019-02-27,0.19773879898350744,0
5785959053,2019-02-28,0.6818948291492473,1
5793967442,2019-02-28,0.27989921566593534,0
5820115460,2019-02-20,0.18168372650042153,0
5830997173,2019-02-13,0.1362369348564224,0
5869430236,2019-02-08,0.22288332845019998,0
5904893503,2019-01-20,0.2002844388790267,0
5927733112,2019-02-28,0.12513473724390334,0
5956327281,2019-02-24,0.08758862522681754,0
5958017588,2019-02-28,0.11637934080458223,0
5963267525,2019-02-27,0.21101246862549772,0
5971777133,2019-02-26,0.17091735234350292,0
5980379054,2019-02-27,0.1654823207209407,0
5982944379,2019-02-28,0.2033328904470515,0
5984501413,2019-02-27,0.12524538562741339,0
6005079852,2019-02-28,0.21763922453686424,0
3057801831,2019-02-20,0.39995278252601496,0
3730229972,2019-02-28,0.1256053357889927,0
3805363374,2019-02-27,0.1398288919942715,0
3993141341,2019-02-28,0.2385491718503574,0
4105933319,2019-02-28,0.0658727322605015,0
4135574531,2019-02-18,0.09629904019085844,0
4182770672,2019-02-24,0.18263317094465303,0
4212031894,2019-02-28,0.10744406959608455,0
4270246180,2019-02-24,0.10940682744175312,0
4313433524,2019-01-14,0.14948898362331198,0
4339381014,2019-02-27,0.3737936244950554,0
4350026860,2019-01-26,0.2824337109937153,0
4351272402,2019-02-28,0.6625118638882947,1
4399977369,2019-02-21,0.40992656822804785,0
4410280524,2019-02-25,0.116185106141111,0
4441535026,2019-02-03,0.20780930322082025,0
4605699892,2019-02-28,0.3890227461584017,0
4637824000,2019-02-28,0.5895763192321466,1
4814776113,2019-02-28,0.18817668705800805,0
4832795730,2019-02-28,0.11866640948183405,0
4839381743,2019-02-25,0.16373600452834236,0
4850969872,2019-02-03,0.20324170075462378,0
4859138811,2019-02-26,0.24245852289466008,0
4920893681,2019-02-28,0.15727451705375195,0
4968233355,2019-02-28,0.05883278982393347,0
5006732887,2019-01-29,0.08092626063611641,0
5067696492,2019-02-28,0.12788968293915814,0
5077726903,2019-02-24,0.3305573648715562,0
5104750527,2019-02-28,0.23595003863607733,0
5162366661,2019-02-27,0.157553236598296,0
5216259792,2019-02-24,0.16173819265335265,0
5224671452,2018-12-31,0.5897321326859972,1
5226709197,2018-12-29,0.23206042611709154,0
5251580837,2019-02-28,0.15048214825134,0
5269347451,2019-02-25,0.22770121978615898,0
5280254925,2019-02-28,0.12088884966628044,0
5281309622,2019-02-16,0.09218137108877134,0
5295688186,2019-01-29,0.19497511755340002,0
5342865911,2019-02-28,0.333659174500731,0
5403429348,2019-02-28,0.11691105080421405,0
5411767500,2019-02-19,0.21952262852356919,0
5448528808,2019-02-24,0.08447041177923964,0
5478470041,2019-02-28,0.14647961856986125,0
5520152767,2019-02-26,0.2348777856754224,0
5556624975,2019-02-06,0.16537535749183796,0
5586817121,2019-02-27,0.5569509143204003,1
5609980696,2019-02-08,0.22115377133108316,0
5650767354,2019-02-28,0.11540608731896684,0
5793565420,2019-02-28,0.2636873035454048,0
5797515593,2019-02-28,0.050269663157768596,0
5803816911,2019-01-16,0.2722736933192743,0
5809340256,2019-02-27,0.07776167825911418,0
5834972394,2019-02-26,0.6557845100191392,1
5883666772,2019-02-28,0.18491693681261134,0
5901619795,2019-02-27,0.08323843666821473,0
5944828341,2019-02-28,0.2989034949368493,0
5951277239,2019-02-25,0.18352524235803047,0
5963667268,2019-02-28,0.1922305007636934,0
5964580405,2019-02-25,0.24260130461349905,0
5965378320,2018-12-17,0.22975088936481003,0
5970375228,2019-02-28,0.1192241057077883,0
5971578792,2019-02-12,0.14238674327129086,0
5977970123,2019-02-28,0.09816113837357632,0
5979068178,2019-02-12,0.23498834880640507,0
5981629219,2019-02-28,0.15245970314659218,0
5982142737,2019-02-17,0.1922273286577405,0
5987443873,2019-02-20,0.20767828929555177,0
5988830656,2019-02-07,0.7585197274376416,1
3042649729,2019-02-28,0.07350147414875574,0
3335004514,2019-02-28,0.07088951111516728,0
3861401515,2019-02-28,0.8893086197455068,1
3998586255,2019-02-28,0.12343679156761145,0
4039517861,2019-02-27,0.27501170381830276,0
4204382810,2019-02-28,0.2812528194964673,0
4287083280,2019-02-28,0.22891054036511038,0
4315033155,2019-02-28,0.18103582420515218,0
4316422116,2019-02-28,0.2423442329342802,0
4320358090,2019-02-28,0.3841951796556292,0
4354781011,2019-01-04,0.585763380628876,1
4400266257,2019-02-27,0.2734500482420954,0
4446417839,2019-02-15,0.7923073860626679,1
4487460742,2019-02-27,0.17060213427087378,0
4530366074,2019-02-18,0.9971059679327359,1
4574158240,2019-02-28,0.0798635406279149,0
4620006884,2019-02-05,0.18190222578977766,0
4644868996,2019-02-28,0.18254508733290242,0
4718907035,2019-02-27,0.12806312058465663,0
4727154657,2019-02-26,0.17471784849676075,0
4805423358,2019-02-25,0.18557397807768905,0
4814831661,2019-02-28,0.12101861964735738,0
4867010493,2019-02-28,0.49500746800780415,0
4871074111,2019-01-28,0.5656804254296695,1
4925081843,2019-02-28,0.3765149653511344,0
5055828115,2019-02-28,0.13768669741249462,0
5133868671,2019-02-01,0.16988325817115957,0
5229782377,2019-02-28,0.39487241112021654,0
5239540925,2019-02-27,0.36228265894608513,0
5286894178,2019-02-26,0.1363957023461868,0
5317082152,2019-02-28,0.096637410216183,0
5356946297,2019-02-28,0.37834814317036414,0
5357192754,2019-02-02,0.1370886660313665,0
5408257533,2019-02-27,0.158402877182365,0
5423630412,2019-02-20,0.2140307496956041,0
5442628786,2019-02-25,0.41297537457864786,0
5460368471,2019-02-28,0.5051024631321601,1
5501747490,2019-02-28,0.5876890038628095,1
5512495164,2019-02-28,0.20848480345718146,0
5614129150,2019-02-28,0.3108595379350385,0
5697888292,2019-02-28,0.12929369164994253,0
5785322925,2019-02-28,0.21141394386284962,0
5788484152,2019-02-21,0.40113783291659977,0
5796147531,2019-02-27,0.1267641632046148,0
5816374705,2019-02-28,0.7364512899550371,1
5817698022,2019-02-28,0.517693522119769,1
5844996898,2019-02-22,0.17475415744435663,0
5866478576,2019-02-24,0.20552651663848043,0
5933578141,2019-02-27,0.16491779735864132,0
5960486882,2019-02-28,0.14119629311040216,0
5968817709,2019-02-21,0.22667116207839988,0
5974279771,2019-02-17,0.6399160215521854,1
5975406086,2019-02-26,0.18089744614035674,0
5985383735,2019-02-27,0.22046673663495497,0
5993509152,2018-12-18,0.12718011710412336,0
5997020406,2019-02-28,0.24633087782386576,0
2944518861,2018-12-14,0.13288706020331398,0
3021922759,2018-12-27,0.28384467667405,0
3051433212,2019-02-28,0.794651712726394,1
3060860922,2018-12-26,0.8249632303982415,1
3069259451,2019-02-28,0.18644439975065252,0
3278329631,2019-01-02,0.2237920757532894,0
3354813911,2018-11-24,0.27451419820318734,0
3388715717,2019-02-28,0.21769948707357167,0
3551570945,2019-02-28,0.1444894018570564,0
3566543341,2019-02-16,0.27058036977220046,0
3615649633,2019-02-28,0.2483159057874741,0
3632609786,2019-01-06,0.2232983837530591,0
3726940984,2019-02-14,0.19854675358219243,0
3730177455,2019-02-27,0.24073959409870016,0
3786571380,2019-02-28,0.18278284324235872,0
3787929821,2018-12-19,0.17491048046514535,0
3803687683,2019-02-03,0.21639992135128483,0
3822802461,2019-02-25,0.4169552957861128,0
3846207631,2019-02-25,0.21420202025288038,0
3957926326,2019-02-26,0.19784917465266716,0
3976949070,2019-02-28,0.2799197637551579,0
3978454130,2019-02-26,0.17960076108527334,0
3992937295,2018-12-20,0.21602175601975504,0
4002222574,2018-12-20,0.16610693457248116,0
4015122553,2019-02-27,0.20917603874096258,0
4017267344,2019-02-24,0.17814908112432593,0
4062226127,2019-02-27,0.23042040274490694,0
4064215181,2019-02-25,0.4769796944253696,0
4067527610,2019-01-10,0.20764922290971033,0
4099280095,2019-02-16,0.20664713275422486,0
4107577384,2019-02-27,0.21055571078903002,0
4117851773,2019-01-11,0.29437053341019026,0
4131608874,2018-11-24,0.15773536003409416,0
4134188742,2018-12-19,0.23794043356338213,0
4145794332,2019-01-15,0.1615484392624681,0
4154771465,2019-02-28,0.3414322559788586,0
4156627832,2019-01-16,0.07088359390303223,0
4167535690,2019-02-17,0.1788720044312131,0
4172703341,2019-02-01,0.23153440092844346,0
4188098840,2019-02-11,0.19286623570713546,0
4191348132,2019-02-17,0.27493796897997935,0
4210683329,2018-12-18,0.29078861695167113,0
4258358094,2019-02-23,0.16394361832136384,0
4262837815,2019-02-26,0.22969531884716987,0
4268931331,2018-11-25,0.2920781776754776,0
4300659041,2019-02-14,0.19072130050529423,0
4320360112,2019-01-08,0.1751921998588606,0
4328144743,2019-02-20,0.22083863111147117,0
4348410222,2019-02-25,0.21706061598388227,0
4376685942,2019-02-18,0.20985270714229676,0
4389461591,2019-02-19,0.21032821483203068,0
4408403481,2018-12-25,0.23538815249298373,0
4443067051,2019-02-23,0.23425320530583704,0
4446858371,2019-02-15,0.29569247888222994,0
4455722849,2019-02-23,0.27015595562285444,0
4461358980,2019-02-24,0.27815397217176685,0
4488894061,2019-02-25,0.26067826622788426,0
4495059604,2019-02-27,0.20071690825813593,0
4498756283,2019-01-13,0.23942054399009838,0
4512436964,2019-02-15,0.9992237117300558,1
4523796712,2019-02-10,0.23874893047390955,0
4527239538,2019-02-28,0.21393297125388588,0
4543122599,2019-02-13,0.21813284294383983,0
4560783524,2019-02-25,0.21590702646944981,0
4565610205,2019-01-11,0.1945023936583129,0
4581464431,2019-02-28,0.2576367438482752,0
4584604102,2019-02-25,0.22398679475560723,0
4587913094,2019-02-25,0.20354236801116687,0
4620579009,2018-12-23,0.2863501968225801,0
4631841410,2018-11-20,0.11622051315111093,0
4636851669,2019-02-02,0.24139507765859658,0
4647584381,2019-02-06,0.2235490208999682,0
4677012636,2019-02-10,0.2115147191155099,0
4683604845,2019-02-26,0.6283631076622134,1
4701671154,2019-01-06,0.19618174408866107,0
4707005636,2019-02-24,0.24328894775949717,0
4709820057,2019-02-16,0.18240021746167678,0
4711697704,2019-02-06,0.237545239197535,0
4715469086,2019-02-17,0.10444980715675545,0
4718684800,2019-02-28,0.2373053076198084,0
4730050513,2019-02-28,0.4317754312972667,0
4736690441,2018-11-11,0.18543060620179985,0
4741689223,2019-02-18,0.17016089198189754,0
4744462953,2018-12-17,0.21361987405454586,0
4766822393,2019-02-05,0.19378311422330274,0
4773767443,2018-12-12,0.029960781192195807,0
4775153444,2019-02-28,0.14989962813047708,0
4775669602,2019-02-28,0.2445162095499508,0
4776115935,2019-02-18,0.21675802396535626,0
4783485704,2019-02-28,0.17920571640474203,0
4807869105,2019-02-21,0.28480810567885995,0
4818981263,2019-02-26,0.15090941172658123,0
4821488623,2019-02-28,0.2648846074489769,0
4825488430,2019-02-25,0.22323327582420327,0
4837180452,2019-02-07,0.1768538815196281,0
4843476103,2019-02-18,0.2614481995178891,0
4844246248,2019-02-09,0.23898702823091922,0
4850475937,2019-01-05,0.1931341297405853,0
4851304638,2019-02-27,0.09922990984046953,0
4863806825,2019-02-28,0.2816931205253067,0
4875123369,2019-02-28,0.11278781124690018,0
4884004701,2019-01-27,0.1927299696503565,0
4908945438,2019-02-23,0.16994325144937494,0
4922273263,2019-01-20,0.17923203708695246,0
4925891901,2019-02-25,0.24908491066884209,0
4928283521,2019-02-28,0.08625736312300769,0
4941067612,2019-01-11,0.19249330156289934,0
4949216502,2019-02-24,0.22474145309460603,0
4961194325,2018-11-19,0.2402428995820597,0
4968501063,2019-02-28,0.14451950974872485,0
4973105041,2019-02-28,0.19329863987553064,0
4976826130,2019-02-28,0.26273368128781915,0
4988117121,2019-02-20,0.20018726274654952,0
5001057466,2019-01-27,0.23088718325177982,0
5001742315,2019-02-06,0.20788704303565508,0
5005820714,2019-02-25,0.1871435436175385,0
5011438255,2019-02-28,0.22813019418085778,0
5016819930,2019-01-15,0.2893446032119462,0
5016863379,2019-02-25,0.33263773296735266,0
5019893601,2019-01-16,0.2864262914075145,0
5027040161,2019-01-26,0.25560824488747835,0
5039832703,2019-02-07,0.14859847137158744,0
5042026092,2019-02-21,0.18330120137893535,0
5063015833,2018-11-25,0.2427000207707274,0
5064400067,2018-12-20,0.21988785041824788,0
5069090436,2018-12-24,0.26355976936516934,0
5077207714,2018-11-21,0.2406374725934165,0
5077683479,2019-02-22,0.015791565823341847,0
5096741468,2019-02-05,0.22232083255086743,0
5111577801,2019-02-28,0.15724975431162147,0
5115059806,2019-02-23,0.19376525954276214,0
5126158721,2019-01-16,0.21212720883061065,0
5133265645,2019-02-18,0.1889091528237966,0
5137615743,2019-01-15,0.1316823104702275,0
5137711702,2019-02-09,0.20970492492865211,0
5143092039,2018-12-14,0.21309308201077248,0
5146700838,2018-11-18,0.24399158549737543,0
5148085272,2018-11-28,0.22809894764157412,0
5163128778,2019-02-18,0.1694501288070751,0
5165941641,2019-02-24,0.1612428673552666,0
5177375236,2019-02-05,0.18879110330166426,0
5179144461,2019-02-19,0.2688908728070679,0
5180855905,2019-02-28,0.23191230431634413,0
5181544330,2019-02-24,0.20781828765765487,0
5186451273,2019-02-09,0.20041198005712557,0
5190885921,2019-02-28,0.37277423183511227,0
5235780521,2018-08-21,0.17625623170342442,0
5238945666,2019-01-04,0.2449978209711049,0
5239912647,2019-02-28,0.1315326850972962,0
5252017664,2019-02-28,0.08549132742667609,0
5253950438,2018-12-22,0.24256054911141978,0
5260492112,2018-12-12,0.1597870383250073,0
5262999282,2019-02-16,0.20509869156610816,0
5263892973,2019-02-28,0.1707065949154838,0
5264822270,2019-02-20,0.2727415710367963,0
5264862670,2018-12-17,0.26857583857450806,0
5312844528,2019-02-28,0.2442525335916338,0
5361830594,2019-02-22,0.1906593939013792,0
5417727979,2019-02-15,0.21493399026522164,0
5429374363,2019-02-14,0.16030877088853746,0
5449010674,2019-02-18,0.20833106613003782,0
5460164431,2019-02-28,0.18445279830421646,0
5508491341,2019-02-28,0.34611925281569034,0
5511235996,2018-12-19,0.2766304498216985,0
5530724981,2019-02-28,0.22145399067087823,0
5567355330,2019-02-27,0.2885280270094832,0
5760575634,2019-02-08,0.3268906561068754,0
5794924637,2019-02-28,0.14438954377443225,0
5799243324,2018-12-30,0.2533068852565993,0
5822900107,2019-02-18,0.1322100678592335,0
5829637035,2019-02-24,0.35623479364247,0
5846356827,2019-02-28,0.1789710890986682,0
5857965034,2019-01-06,0.7889600865010703,1
5866280665,2018-12-16,0.7808683000296223,1
5885290632,2019-02-27,0.13913172972000432,0
5922991593,2019-02-28,0.3858028905458474,0
5956590346,2019-02-25,0.1744203400163742,0
5960814041,2019-02-28,0.10024609032399745,0
5962759717,2019-02-28,0.1184291273876159,0
5962866103,2019-02-28,0.09364720064331489,0
5973582713,2019-02-22,0.04265073930267549,0
5978135815,2019-02-27,0.33982926241554845,0
5979459549,2019-02-28,0.16251559788019665,0
5988841782,2019-02-28,0.25238858336095227,0
5998691661,2019-02-01,0.15471697488270508,0
2706381515,2019-02-27,0.06112955334183168,0
3045889458,2019-02-25,0.8522618382424938,1
3071803431,2019-02-23,0.1967891974476157,0
3084664030,2019-02-26,0.20705231124971735,0
3157671200,2019-02-28,0.12389473736872103,0
3405595425,2019-02-28,0.21158918464710252,0
3428845815,2019-01-13,0.2315703276913339,0
3432855431,2019-02-28,0.2059836905899325,0
3446787041,2019-02-28,0.18975161369228544,0
3559432379,2019-02-28,0.10021628533317439,0
3592819528,2019-01-10,0.22644764405799367,0
3610336891,2019-01-18,0.2356469619268613,0
3724296094,2018-12-26,0.23394024929614476,0
3832807788,2019-02-23,0.31240165457753066,0
3837668285,2018-12-07,0.3390282572103821,0
3848051616,2019-02-22,0.17960076108527334,0
3865579405,2019-02-13,0.2476848875240838,0
3892201483,2019-02-20,0.20916320721802406,0
3971281467,2019-02-16,0.24623748338834406,0
3979923033,2019-02-11,0.17424456094788388,0
3981177482,2019-02-05,0.24046754413783356,0
4003694141,2019-02-24,0.25661145222268333,0
4020350705,2019-02-28,0.12025600187396379,0
4020605915,2019-02-28,0.19442105558413447,0
4021388745,2019-02-20,0.18259236415529845,0
4022539131,2019-02-20,0.09135111408080454,0
4032628784,2019-02-26,0.2122104892303467,0
4037452483,2019-02-24,0.19661072602205532,0
4047838978,2019-02-15,0.22465547533812558,0
4062233198,2019-02-28,0.19625813968167038,0
4067758937,2018-12-09,0.20358050300267572,0
4095856076,2019-02-15,0.2816315857069025,0
4100932050,2018-12-24,0.98556702821042,1
4101433075,2019-02-27,0.18698796727071654,0
4105500979,2018-11-23,0.10223979794368854,0
4127333045,2019-02-05,0.203303214832263,0
4127792642,2019-02-25,0.2751248102341475,0
4129620118,2019-02-06,0.2167971542354492,0
4131972513,2019-02-28,0.24911609425881776,0
4132583273,2018-12-17,0.20918910531477564,0
4134077635,2018-12-12,0.12410866966334588,0
4134328142,2019-02-24,0.07246069844852676,0
4139721229,2018-11-20,0.05147030778350459,0
4146390302,2019-01-10,0.13665686991935722,0
4157657942,2019-01-08,0.09648539655694022,0
4157707445,2019-01-17,0.2610013817385577,0
4168899771,2018-12-25,0.2466289243804981,0
4188919053,2019-01-17,0.232378080694,0
4298914797,2019-02-28,0.09161823371229827,0
4307129811,2018-12-22,0.26749931347424016,0
4317659999,2018-11-18,0.2536323593830564,0
4345794259,2019-02-19,0.2682918135830096,0
4384232802,2019-02-28,0.3400739937809001,0
4397159701,2019-02-06,0.20966252177332645,0
4436276510,2018-12-29,0.22848005023642715,0
4450849662,2019-02-21,0.24736953567570563,0
4479375465,2018-12-30,0.3366032734847808,0
4494604841,2019-02-28,0.22870286150967956,0
4496539398,2019-01-26,0.21684919029140648,0
4499556691,2018-12-21,0.23429974035835632,0
4501170994,2019-02-15,0.28031673439277016,0
4507084787,2019-02-16,0.1763127936880532,0
4534001674,2018-12-15,0.24202533125553538,0
4540724633,2019-01-02,0.29664054289560426,0
4545954497,2019-02-25,0.2106829520617518,0
4549318466,2019-02-28,0.23061732869815432,0
4551908431,2018-12-23,0.22610174061946786,0
4555189726,2019-02-25,0.2625632672838698,0
4555416990,2019-02-25,0.19492548125480402,0
4564891852,2019-02-15,0.8788337319666043,1
4578755579,2019-02-02,0.20145336016104898,0
4592375845,2019-02-28,0.14907682202705386,0
4608442055,2019-02-25,0.18590818761449568,0
4612268087,2019-02-26,0.21893852253862922,0
4626516833,2019-02-03,0.19893845849992198,0
4640012043,2019-02-16,0.22485981353512763,0
4645099302,2018-12-04,0.23789451457150934,0
4646269681,2019-02-20,0.14621504239114025,0
4649368671,2018-12-20,0.22559568273571984,0
4659970651,2019-02-06,0.23162883957242186,0
4700357671,2019-02-28,0.22670790561677867,0
4704602771,2019-02-22,0.20846285717161883,0
4705200754,2019-02-16,0.19010676190520814,0
4718841371,2019-02-07,0.17635958813484753,0
4723159490,2019-02-25,0.2224609715991679,0
4731729014,2019-02-18,0.20996654261486491,0
4738073235,2019-01-01,0.4186938644180336,0
4748138722,2019-02-25,0.176379391936604,0
4750749123,2018-12-14,0.2089837904455777,0
4757272860,2019-02-20,0.17391135519097367,0
4759550322,2019-01-07,0.22004541744617379,0
4761584115,2019-01-11,0.2003421335459571,0
4769508012,2019-02-21,0.2518842477359663,0
4769704973,2019-02-24,0.08384769157623706,0
4773885624,2019-01-02,0.2304543854576765,0
4778408046,2019-02-28,0.28553154342926157,0
4781067513,2019-01-16,0.21225278715554552,0
4789309440,2019-02-16,0.20948515387287048,0
4792334510,2019-02-28,0.2716896884576536,0
4792988056,2019-02-28,0.35431144126315717,0
4795711695,2018-12-22,0.20426747175403803,0
4811247807,2018-12-31,0.20810000294922493,0
4811531641,2019-02-18,0.24791871029021106,0
4827724231,2018-12-18,0.20938480291070916,0
4830232303,2019-02-06,0.22046225844221023,0
4831345123,2019-02-27,0.236731151183035,0
4833603173,2019-02-25,0.12537908173170165,0
4833927460,2019-02-25,0.35310995796982725,0
4843753877,2018-12-13,0.23674000981386223,0
4845410309,2019-01-23,0.2266969984303977,0
4849781474,2019-02-27,0.2745238814527996,0
4854326741,2019-02-28,0.10310027362756402,0
4857304281,2019-02-20,0.249235376372839,0
4865610596,2018-12-05,0.220391408887037,0
4870632691,2019-02-21,0.23769588589122193,0
4872334258,2018-11-12,0.24261423415978844,0
4883419119,2019-02-22,0.16061380466257225,0
4883714142,2019-02-21,0.25020751105095707,0
4885727784,2019-01-04,0.1639171176524452,0
4886458263,2019-02-27,0.2331161645058064,0
4905308133,2018-11-01,0.16959899583040428,0
4911012350,2019-02-28,0.10238613764825144,0
4914050562,2019-02-28,0.27110757852476697,0
4915684784,2019-02-28,0.31379090792823183,0
4918652171,2019-02-28,0.24482694878902578,0
4920833083,2018-12-23,0.20572677341173284,0
4925626253,2018-12-05,0.20412187010624805,0
4926842027,2019-02-17,0.209804778277474,0
4927600215,2018-12-20,0.22121251169196665,0
4927813820,2019-02-27,0.3012847351390303,0
4928930186,2019-01-04,0.2755292171812104,0
4932113814,2018-12-30,0.17767541030023992,0
4937266254,2019-02-28,0.2984043153446938,0
4965630751,2018-11-09,0.25675073338742405,0
4993998773,2018-11-02,0.23485097297052582,0
5002729867,2019-02-05,0.22918638803858737,0
5016427010,2019-02-28,0.292689129774225,0
5023715913,2019-02-23,0.2219744732794907,0
5032227964,2019-02-28,0.497549130965104,0
5034038281,2019-02-28,0.16221602262609014,0
5035917871,2019-02-21,0.19080817678432438,0
5037790841,2019-02-18,0.22046409710483228,0
5049113164,2019-02-20,0.2012092082638769,0
5053250262,2019-01-26,0.20017647274634087,0
5070805892,2019-02-28,0.16721859958418883,0
5073935745,2019-02-26,0.3732882690816848,0
5074624631,2019-02-17,0.2361046018417886,0
5075494453,2019-02-26,0.29021532814093454,0
5076836551,2019-02-28,0.13042631388649972,0
5077534984,2019-01-17,0.15768589052752646,0
5079524725,2019-02-09,0.2195383044832182,0
5082463518,2019-02-27,0.19141744940536554,0
5083729440,2019-01-24,0.2645799696178789,0
5092282903,2018-11-28,0.10475181223746055,0
5101722291,2019-02-06,0.2273221955485768,0
5102206000,2019-02-24,0.273288582619433,0
5103620980,2018-12-16,0.2365225236959153,0
5109209774,2018-12-19,0.22526637506257552,0
5120192709,2019-02-28,0.22638043077065684,0
5129533910,2019-01-07,0.21592861727775847,0
5132174885,2019-02-27,0.2590760631776958,0
5133210092,2018-12-26,0.1896616617245065,0
5134164693,2018-11-14,0.2362557270865111,0
5135412142,2019-02-06,0.2388792567664444,0
5141005556,2019-02-26,0.24083125021360074,0
5143168790,2019-02-17,0.30002801525048073,0
5149161836,2018-12-24,0.2840456314475943,0
5161237430,2019-02-25,0.2041666993096064,0
5163291403,2019-01-26,0.1684286018804375,0
5165705283,2019-02-28,0.24678950948848855,0
5165837605,2018-12-21,0.22028318715376372,0
5166019428,2019-01-24,0.2321045608428075,0
5173283128,2019-02-23,0.16574509413954897,0
5175196000,2019-02-21,0.23066492637139624,0
5175664684,2019-01-26,0.24606039144793468,0
5177344924,2019-01-17,0.16537253351465808,0
5178155570,2019-01-27,0.21803880551294397,0
5179113155,2019-02-22,0.17465002124210904,0
5180196312,2018-11-20,0.217172560670587,0
5183908873,2019-02-26,0.2015257095609927,0
5184451172,2019-02-05,0.22000106426814925,0
5185623060,2019-02-16,0.12147002534309859,0
5192027020,2019-02-28,0.29788804764932386,0
5225291413,2019-02-28,0.1755923995875237,0
5235492103,2019-02-12,0.20621660256760177,0
5236205777,2019-02-26,0.22922890846330446,0
5237281000,2019-02-20,0.22073427497220321,0
5241167606,2019-02-19,0.2479962366584677,0
5241890346,2019-02-28,0.23206934882124697,0
5243090661,2018-12-27,0.18683730136607213,0
5243336127,2019-02-09,0.16586575344248722,0
5243988230,2019-02-07,0.24015121887324142,0
5247950138,2019-02-27,0.2851770944694706,0
5251159950,2018-12-19,0.17948893395466448,0
5251341777,2019-01-26,0.19205036393064434,0
5251411476,2019-02-17,0.18967266992671938,0
5252480295,2019-02-04,0.22169926701752207,0
5255578115,2019-02-26,0.20149617148880716,0
5257178876,2019-01-10,0.16034260135598588,0
5257305144,2019-02-27,0.1998595971823428,0
5259305843,2019-02-09,0.20956342574314502,0
5262628575,2019-01-14,0.22110501766624502,0
5265855790,2018-12-15,0.4525572547401403,0
5274001601,2019-02-28,0.17586155417145266,0
5282339251,2019-02-09,0.3351453018376487,0
5318252910,2019-02-17,0.4571797878361168,0
5367924242,2019-02-27,0.19121716549641787,0
5413374908,2019-02-27,0.20895809334653692,0
5438440190,2019-02-27,0.16326405493470086,0
5446571453,2019-02-28,0.7228807290885584,1
5501228830,2019-02-28,0.23943365578863596,0
5516441813,2018-12-07,0.23193722535890793,0
5564846505,2019-02-28,0.19208887739423108,0
5786614601,2019-02-28,0.11883435940615839,0
5790989753,2019-02-28,0.07643167519472016,0
5800992580,2019-02-28,0.4073371564638417,0
5851458310,2019-01-24,0.4320958378790163,0
5855056222,2019-01-20,0.4993069180149986,0
5855616934,2019-02-28,0.17336854083372355,0
5867475855,2019-02-27,0.1991511215717865,0
5887550381,2019-02-12,0.7899352866701621,1
5955541079,2019-01-15,0.172285510220747,0
5961068283,2019-01-03,0.1256921410499534,0
5966700373,2019-02-28,0.44025485833974654,0
5976880555,2019-02-28,0.2098332979051467,0
5981100941,2019-02-15,0.21276462139856833,0
5982755164,2019-02-26,0.2090318682831407,0
5982996165,2019-01-22,0.38272900950801114,0
5983185120,2019-02-22,0.30642316310920026,0
5999410847,2019-02-28,0.18491211225313364,0
3422476695,2019-02-26,0.12795256867717497,0
3448590935,2019-02-28,0.15282005800540654,0
3576018772,2019-02-26,0.1437221262009818,0
3917040479,2019-02-25,0.27451804408265557,0
4014922550,2019-02-28,0.14252201713197088,0
4048077365,2019-02-23,0.15631658539273086,0
4164986244,2019-02-26,0.11183533732927242,0
4171988301,2019-02-24,0.20895688350945818,0
4403426920,2019-02-28,0.10836154450977886,0
4431719665,2019-02-25,0.3210805720542358,0
4496838385,2019-02-28,0.3463871784482071,0
4561932763,2019-02-16,0.16365973242818654,0
4562204483,2019-02-28,0.12325794771334686,0
4614705117,2019-02-10,0.11007454810337325,0
4657974723,2019-02-28,0.7983354387487274,1
4663508190,2019-02-23,0.18016728222658662,0
4701460046,2019-02-28,0.08850836767884174,0
4788325924,2019-01-31,0.19670224529580516,0
4869617771,2019-02-28,0.25907327189977725,0
4876904693,2019-01-05,0.14929542478410285,0
4882321352,2019-02-25,0.258580172515142,0
4884801670,2019-02-28,0.12572551426257206,0
4917821406,2019-02-27,0.3397453420626496,0
5005124803,2019-02-28,0.09847343006810483,0
5151404640,2019-02-28,0.2507299242383533,0
5197320355,2019-02-21,0.31777529339976185,0
5257370793,2019-02-13,0.7766931843946576,1
5288471315,2019-02-28,0.23556267818409427,0
5312329371,2019-02-28,0.24245391165010444,0
5318512380,2019-02-20,0.3224039416597979,0
5358179363,2018-12-21,0.82442621441626,1
5384881535,2019-02-22,0.9952191070718971,1
5427550006,2019-02-24,0.1964423770901884,0
5429017790,2019-02-28,0.1736600413155377,0
5478636708,2019-02-06,0.21147614051502672,0
5526071404,2019-02-28,0.40610133353566524,0
5526247070,2019-02-27,0.0673481257362245,0
5537277037,2019-02-26,0.09037813107529435,0
5561454202,2018-12-27,0.7980248254484622,1
5583591105,2019-02-26,0.19393574560416393,0
5725975314,2019-02-28,0.5897615850661864,1
5735406646,2019-02-28,0.1297366772146289,0
5793877543,2019-02-18,0.20366293229685128,0
5795206459,2019-02-28,0.1882174040248421,0
5831991158,2019-01-11,0.24686540602254248,0
5899871717,2019-01-02,0.5971656478552834,1
5918747939,2019-02-17,0.08675418196273399,0
5953903020,2019-02-27,0.05876577725818932,0
5959813651,2019-02-28,0.14965000626956093,0
5963124893,2019-02-28,0.23530809167486955,0
5969876282,2019-02-28,0.3075273311344967,0
5973015334,2019-02-25,0.4381804974618688,0
5973724450,2019-02-26,0.12523070967853434,0
5975556055,2019-02-20,0.3035405337837145,0
5978755512,2019-02-28,0.47834492460795075,0
5988351018,2019-02-27,0.16133234276638475,0
5994681941,2019-01-14,0.22301921599632446,0
